rank,prev_rank,name,league,off,def,spi,date,updated_at
1,1.0,Manchester City,Barclays Premier League,2.92,0.31,92.28,2023-03-26,2023-03-26 18:14:14
2,2.0,Bayern Munich,German Bundesliga,3.16,0.64,89.15,2023-03-26,2023-03-26 18:14:14
3,4.0,Barcelona,Spanish Primera Division,2.37,0.4,86.34,2023-03-26,2023-03-26 18:14:14
4,3.0,Real Madrid,Spanish Primera Division,2.52,0.5,85.8,2023-03-26,2023-03-26 18:14:14
5,5.0,Arsenal,Barclays Premier League,2.53,0.53,85.49,2023-03-26,2023-03-26 18:14:14
6,6.0,Napoli,Italy Serie A,2.46,0.51,85.13,2023-03-26,2023-03-26 18:14:14
7,7.0,Liverpool,Barclays Premier League,2.59,0.62,84.35,2023-03-26,2023-03-26 18:14:14
8,8.0,Paris Saint-Germain,French Ligue 1,2.69,0.77,82.59,2023-03-26,2023-03-26 18:14:14
9,9.0,Benfica,Portuguese Liga,2.52,0.71,81.85,2023-03-26,2023-03-26 18:14:14
10,10.0,Brighton and Hove Albion,Barclays Premier League,2.28,0.62,80.76,2023-03-26,2023-03-26 18:14:14
11,11.0,RB Leipzig,German Bundesliga,2.38,0.7,80.28,2023-03-26,2023-03-26 18:14:14
12,12.0,Newcastle,Barclays Premier League,2.09,0.53,80.25,2023-03-26,2023-03-26 18:14:14
13,13.0,Atletico Madrid,Spanish Primera Division,2.09,0.54,79.86,2023-03-26,2023-03-26 18:14:14
14,14.0,Chelsea,Barclays Premier League,2.03,0.51,79.72,2023-03-26,2023-03-26 18:14:14
15,15.0,Manchester United,Barclays Premier League,2.32,0.69,79.63,2023-03-26,2023-03-26 18:14:14
16,17.0,Borussia Dortmund,German Bundesliga,2.47,0.84,78.56,2023-03-26,2023-03-26 18:14:14
17,18.0,Internazionale,Italy Serie A,2.23,0.71,78.03,2023-03-26,2023-03-26 18:14:14
18,16.0,Ajax,Dutch Eredivisie,2.7,1.06,77.42,2023-03-26,2023-03-26 18:14:14
19,19.0,Celtic,Scottish Premiership,2.56,1.03,76.12,2023-03-26,2023-03-26 18:14:14
20,20.0,Lille,French Ligue 1,2.11,0.72,76.12,2023-03-26,2023-03-26 18:14:14
21,21.0,FC Porto,Portuguese Liga,2.12,0.73,75.89,2023-03-26,2023-03-26 18:14:14
22,22.0,Tottenham Hotspur,Barclays Premier League,2.18,0.78,75.77,2023-03-26,2023-03-26 18:14:14
23,24.0,Juventus,Italy Serie A,2.05,0.69,75.76,2023-03-26,2023-03-26 18:14:14
24,28.0,Bayer Leverkusen,German Bundesliga,2.17,0.78,75.67,2023-03-26,2023-03-26 18:14:14
25,30.0,Feyenoord,Dutch Eredivisie,2.27,0.85,75.53,2023-03-26,2023-03-26 18:14:14
26,25.0,Sporting CP,Portuguese Liga,2.04,0.7,75.51,2023-03-26,2023-03-26 18:14:14
27,26.0,Athletic Bilbao,Spanish Primera Division,1.86,0.58,75.44,2023-03-26,2023-03-26 18:14:14
28,27.0,Zenit St Petersburg,Russian Premier Liga,2.04,0.74,74.46,2023-03-26,2023-03-26 18:14:14
29,29.0,Brentford,Barclays Premier League,2.06,0.77,74.19,2023-03-26,2023-03-26 18:14:14
30,23.0,FC Salzburg,Austrian T-Mobile Bundesliga,2.13,0.81,74.18,2023-03-26,2023-03-26 18:14:14
31,31.0,Celta Vigo,Spanish Primera Division,1.88,0.65,73.97,2023-03-26,2023-03-26 18:14:14
32,32.0,VfL Wolfsburg,German Bundesliga,2.09,0.81,73.7,2023-03-26,2023-03-26 18:14:14
33,37.0,Real Sociedad,Spanish Primera Division,1.71,0.57,73.13,2023-03-26,2023-03-26 18:14:14
34,35.0,Fiorentina,Italy Serie A,1.98,0.77,72.91,2023-03-26,2023-03-26 18:14:14
35,33.0,Aston Villa,Barclays Premier League,1.96,0.75,72.81,2023-03-26,2023-03-26 18:14:14
36,36.0,AS Roma,Italy Serie A,1.81,0.66,72.53,2023-03-26,2023-03-26 18:14:14
37,38.0,PSV,Dutch Eredivisie,2.29,1.01,72.43,2023-03-26,2023-03-26 18:14:14
38,34.0,Marseille,French Ligue 1,2.04,0.84,72.22,2023-03-26,2023-03-26 18:14:14
39,39.0,AC Milan,Italy Serie A,2.02,0.84,71.93,2023-03-26,2023-03-26 18:14:14
40,40.0,Mainz,German Bundesliga,2.08,0.88,71.85,2023-03-26,2023-03-26 18:14:14
41,41.0,West Ham United,Barclays Premier League,1.85,0.72,71.72,2023-03-26,2023-03-26 18:14:14
42,58.0,Flamengo,Brasileiro Série A,1.98,0.82,71.58,2023-03-26,2023-03-26 18:14:14
43,42.0,Lyon,French Ligue 1,1.97,0.82,71.57,2023-03-26,2023-03-26 18:14:14
44,43.0,Atalanta,Italy Serie A,2.06,0.89,71.42,2023-03-26,2023-03-26 18:14:14
45,44.0,Palmeiras,Brasileiro Série A,1.91,0.78,71.4,2023-03-26,2023-03-26 18:14:14
46,45.0,Villarreal,Spanish Primera Division,1.87,0.76,71.19,2023-03-26,2023-03-26 18:14:14
47,48.0,AS Monaco,French Ligue 1,2.1,0.93,71.05,2023-03-26,2023-03-26 18:14:14
48,47.0,Eintracht Frankfurt,German Bundesliga,2.01,0.87,70.86,2023-03-26,2023-03-26 18:14:14
49,46.0,Lens,French Ligue 1,1.85,0.77,70.54,2023-03-26,2023-03-26 18:14:14
50,49.0,Leicester City,Barclays Premier League,1.94,0.86,69.92,2023-03-26,2023-03-26 18:14:14
51,56.0,Stade Rennes,French Ligue 1,1.82,0.81,68.83,2023-03-26,2023-03-26 18:14:14
52,50.0,Rangers,Scottish Premiership,2.14,1.08,68.48,2023-03-26,2023-03-26 18:14:14
53,51.0,Real Betis,Spanish Primera Division,1.76,0.79,68.27,2023-03-26,2023-03-26 18:14:14
54,53.0,Reims,French Ligue 1,1.72,0.76,68.24,2023-03-26,2023-03-26 18:14:14
55,52.0,Nice,French Ligue 1,1.69,0.75,67.89,2023-03-26,2023-03-26 18:14:14
56,54.0,Crystal Palace,Barclays Premier League,1.61,0.69,67.8,2023-03-26,2023-03-26 18:14:14
57,63.0,Fenerbahce,Turkish Turkcell Super Lig,2.09,1.07,67.61,2023-03-26,2023-03-26 18:14:14
58,57.0,Rayo Vallecano,Spanish Primera Division,1.66,0.74,67.52,2023-03-26,2023-03-26 18:14:14
59,61.0,Lazio,Italy Serie A,1.66,0.74,67.52,2023-03-26,2023-03-26 18:14:14
60,60.0,SC Freiburg,German Bundesliga,1.88,0.93,67.35,2023-03-26,2023-03-26 18:14:14
61,62.0,Fulham,Barclays Premier League,1.83,0.89,67.2,2023-03-26,2023-03-26 18:14:14
62,64.0,Valencia,Spanish Primera Division,1.71,0.8,67.11,2023-03-26,2023-03-26 18:14:14
63,67.0,FC Twente,Dutch Eredivisie,1.94,0.98,67.08,2023-03-26,2023-03-26 18:14:14
64,65.0,Borussia Monchengladbach,German Bundesliga,2.09,1.11,67.04,2023-03-26,2023-03-26 18:14:14
65,55.0,Osasuna,Spanish Primera Division,1.57,0.7,66.89,2023-03-26,2023-03-26 18:14:14
66,73.0,Young Boys,Swiss Raiffeisen Super League,2.13,1.14,66.89,2023-03-26,2023-03-26 18:14:14
67,66.0,Atletico Mineiro,Brasileiro Série A,1.68,0.79,66.78,2023-03-26,2023-03-26 18:14:14
68,68.0,VfB Stuttgart,German Bundesliga,1.87,0.94,66.72,2023-03-26,2023-03-26 18:14:14
69,59.0,1. FC Union Berlin,German Bundesliga,1.68,0.8,66.66,2023-03-26,2023-03-26 18:14:14
70,69.0,Leeds United,Barclays Premier League,1.88,0.96,66.63,2023-03-26,2023-03-26 18:14:14
71,70.0,FC Cologne,German Bundesliga,1.86,0.94,66.52,2023-03-26,2023-03-26 18:14:14
72,72.0,Girona FC,Spanish Primera Division,1.88,1.0,65.51,2023-03-26,2023-03-26 18:14:14
73,78.0,Getafe,Spanish Primera Division,1.57,0.76,65.31,2023-03-26,2023-03-26 18:14:14
74,71.0,Sevilla FC,Spanish Primera Division,1.71,0.89,64.91,2023-03-26,2023-03-26 18:14:14
75,75.0,Udinese,Italy Serie A,1.86,1.01,64.87,2023-03-26,2023-03-26 18:14:14
76,76.0,Wolverhampton,Barclays Premier League,1.67,0.86,64.82,2023-03-26,2023-03-26 18:14:14
77,77.0,Mallorca,Spanish Primera Division,1.51,0.73,64.67,2023-03-26,2023-03-26 18:14:14
78,74.0,Torino,Italy Serie A,1.67,0.89,64.08,2023-03-26,2023-03-26 18:14:14
79,79.0,Monterrey,Mexican Primera Division Torneo Clausura,1.7,0.91,64.0,2023-03-26,2023-03-26 18:14:14
80,80.0,TSG Hoffenheim,German Bundesliga,1.95,1.13,63.95,2023-03-26,2023-03-26 18:14:14
81,82.0,Sassuolo,Italy Serie A,1.87,1.08,63.48,2023-03-26,2023-03-26 18:14:14
82,83.0,Slavia Prague,UEFA Europa Conference League,1.83,1.06,63.09,2023-03-26,2023-03-26 18:14:14
83,84.0,Club América,Mexican Primera Division Torneo Clausura,1.84,1.07,63.08,2023-03-26,2023-03-26 18:14:14
84,85.0,Genk,Belgian Jupiler League,1.98,1.19,63.03,2023-03-26,2023-03-26 18:14:14
85,96.0,Olympiacos,Greek Super League,1.69,0.95,62.9,2023-03-26,2023-03-26 18:14:14
86,86.0,Braga,Portuguese Liga,1.72,0.98,62.89,2023-03-26,2023-03-26 18:14:14
87,88.0,AZ,Dutch Eredivisie,1.88,1.13,62.55,2023-03-26,2023-03-26 18:14:14
88,87.0,FC Copenhagen,Danish SAS-Ligaen,1.78,1.04,62.47,2023-03-26,2023-03-26 18:14:14
89,89.0,Southampton,Barclays Premier League,1.64,0.93,62.43,2023-03-26,2023-03-26 18:14:14
90,90.0,Werder Bremen,German Bundesliga,1.87,1.12,62.42,2023-03-26,2023-03-26 18:14:14
91,91.0,Schalke 04,German Bundesliga,1.67,0.95,62.37,2023-03-26,2023-03-26 18:14:14
92,93.0,Galatasaray,Turkish Turkcell Super Lig,1.8,1.09,61.92,2023-03-26,2023-03-26 18:14:14
93,94.0,Dinamo Zagreb,UEFA Champions League,1.8,1.09,61.85,2023-03-26,2023-03-26 18:14:14
94,95.0,Espanyol,Spanish Primera Division,1.66,0.98,61.72,2023-03-26,2023-03-26 18:14:14
95,97.0,Everton,Barclays Premier League,1.69,1.01,61.37,2023-03-26,2023-03-26 18:14:14
96,98.0,Burnley,English League Championship,1.55,0.9,61.11,2023-03-26,2023-03-26 18:14:14
97,104.0,Strasbourg,French Ligue 1,1.71,1.06,60.67,2023-03-26,2023-03-26 18:14:14
98,100.0,Union Saint Gilloise,Belgian Jupiler League,1.87,1.22,60.24,2023-03-26,2023-03-26 18:14:14
99,101.0,Toulouse,French Ligue 1,1.73,1.11,59.95,2023-03-26,2023-03-26 18:14:14
100,103.0,Bologna,Italy Serie A,1.59,1.0,59.68,2023-03-26,2023-03-26 18:14:14
101,112.0,River Plate,Argentina Primera Division,1.62,1.03,59.56,2023-03-26,2023-03-26 18:14:14
102,81.0,Fluminense,Brasileiro Série A,1.57,0.99,59.33,2023-03-26,2023-03-26 18:14:14
103,113.0,KAA Gent,Belgian Jupiler League,1.7,1.11,59.26,2023-03-26,2023-03-26 18:14:14
104,105.0,Bodo/Glimt,Norwegian Tippeligaen,2.07,1.44,59.25,2023-03-26,2023-03-26 18:14:14
105,106.0,FC Augsburg,German Bundesliga,1.82,1.23,59.01,2023-03-26,2023-03-26 18:14:14
106,107.0,Hertha Berlin,German Bundesliga,1.67,1.1,58.96,2023-03-26,2023-03-26 18:14:14
107,108.0,Slovácko,UEFA Europa Conference League,1.77,1.21,58.54,2023-03-26,2023-03-26 18:14:14
108,109.0,Red Star Belgrade,UEFA Europa League,1.75,1.19,58.52,2023-03-26,2023-03-26 18:14:14
109,110.0,Tigres UANL,Mexican Primera Division Torneo Clausura,1.53,0.99,58.42,2023-03-26,2023-03-26 18:14:14
110,111.0,Cadiz,Spanish Primera Division,1.5,0.97,58.27,2023-03-26,2023-03-26 18:14:14
111,92.0,Internacional,Brasileiro Série A,1.54,1.02,58.04,2023-03-26,2023-03-26 18:14:14
112,99.0,São Paulo,Brasileiro Série A,1.52,1.01,57.92,2023-03-26,2023-03-26 18:14:14
113,102.0,Antwerp,Belgian Jupiler League,1.52,1.0,57.91,2023-03-26,2023-03-26 18:14:14
114,114.0,Shakhtar Donetsk,UEFA Europa League,1.77,1.24,57.61,2023-03-26,2023-03-26 18:14:14
115,115.0,Middlesbrough,English League Championship,1.62,1.11,57.41,2023-03-26,2023-03-26 18:14:14
116,117.0,Molde,Norwegian Tippeligaen,1.88,1.37,56.95,2023-03-26,2023-03-26 18:14:14
117,118.0,Monza,Italy Serie A,1.56,1.09,56.83,2023-03-26,2023-03-26 18:14:14
118,116.0,Los Angeles FC,Major League Soccer,1.74,1.26,56.72,2023-03-26,2023-03-26 18:14:14
119,127.0,SK Sturm Graz,Austrian T-Mobile Bundesliga,1.54,1.08,56.64,2023-03-26,2023-03-26 18:14:14
120,138.0,Trabzonspor,Turkish Turkcell Super Lig,1.71,1.23,56.56,2023-03-26,2023-03-26 18:14:14
121,122.0,Montpellier,French Ligue 1,1.59,1.13,56.48,2023-03-26,2023-03-26 18:14:14
122,119.0,AFC Bournemouth,Barclays Premier League,1.61,1.15,56.4,2023-03-26,2023-03-26 18:14:14
123,120.0,Lecce,Italy Serie A,1.37,0.93,56.22,2023-03-26,2023-03-26 18:14:14
124,121.0,Besiktas,Turkish Turkcell Super Lig,1.61,1.16,56.16,2023-03-26,2023-03-26 18:14:14
125,123.0,Club Brugge,Belgian Jupiler League,1.69,1.25,55.87,2023-03-26,2023-03-26 18:14:14
126,124.0,Spartak Moscow,Russian Premier Liga,1.69,1.25,55.87,2023-03-26,2023-03-26 18:14:14
127,125.0,VfL Bochum,German Bundesliga,1.73,1.29,55.76,2023-03-26,2023-03-26 18:14:14
128,126.0,FC Utrecht,Dutch Eredivisie,1.78,1.33,55.72,2023-03-26,2023-03-26 18:14:14
129,145.0,Corinthians,Brasileiro Série A,1.39,0.97,55.66,2023-03-26,2023-03-26 18:14:14
130,134.0,CSKA Moscow,Russian Premier Liga,1.47,1.05,55.64,2023-03-26,2023-03-26 18:14:14
131,143.0,Anderlecht,Belgian Jupiler League,1.52,1.1,55.59,2023-03-26,2023-03-26 18:14:14
132,140.0,Pachuca,Mexican Primera Division Torneo Clausura,1.57,1.15,55.55,2023-03-26,2023-03-26 18:14:14
133,129.0,Nantes,French Ligue 1,1.44,1.03,55.47,2023-03-26,2023-03-26 18:14:14
134,131.0,Almeria,Spanish Primera Division,1.65,1.24,55.32,2023-03-26,2023-03-26 18:14:14
135,133.0,Viktoria Plzen,UEFA Champions League,1.82,1.41,54.85,2023-03-26,2023-03-26 18:14:14
136,135.0,Lorient,French Ligue 1,1.52,1.13,54.82,2023-03-26,2023-03-26 18:14:14
137,130.0,Clermont Foot,French Ligue 1,1.43,1.06,54.55,2023-03-26,2023-03-26 18:14:14
138,136.0,Ferencvaros,UEFA Europa League,1.61,1.22,54.55,2023-03-26,2023-03-26 18:14:14
139,137.0,NEC,Dutch Eredivisie,1.58,1.2,54.51,2023-03-26,2023-03-26 18:14:14
140,139.0,Nottingham Forest,Barclays Premier League,1.52,1.15,54.37,2023-03-26,2023-03-26 18:14:14
141,144.0,Sheffield United,English League Championship,1.42,1.07,53.98,2023-03-26,2023-03-26 18:14:14
142,128.0,Verona,Italy Serie A,1.47,1.12,53.95,2023-03-26,2023-03-26 18:14:14
143,152.0,PAOK Salonika,Greek Super League,1.38,1.04,53.82,2023-03-26,2023-03-26 18:14:14
144,141.0,Vitesse,Dutch Eredivisie,1.55,1.21,53.54,2023-03-26,2023-03-26 18:14:14
145,132.0,Philadelphia Union,Major League Soccer,1.67,1.33,53.53,2023-03-26,2023-03-26 18:14:14
146,149.0,Real Valladolid,Spanish Primera Division,1.47,1.15,53.12,2023-03-26,2023-03-26 18:14:14
147,150.0,Dinamo Moscow,Russian Premier Liga,1.54,1.23,53.1,2023-03-26,2023-03-26 18:14:14
148,151.0,Dynamo Kiev,UEFA Europa League,1.51,1.19,53.06,2023-03-26,2023-03-26 18:14:14
149,148.0,Elche,Spanish Primera Division,1.53,1.22,52.98,2023-03-26,2023-03-26 18:14:14
150,147.0,AEK Athens,Greek Super League,1.41,1.1,52.96,2023-03-26,2023-03-26 18:14:14
151,153.0,Vizela,Portuguese Liga,1.37,1.07,52.92,2023-03-26,2023-03-26 18:14:14
152,154.0,Sparta,Dutch Eredivisie,1.55,1.24,52.85,2023-03-26,2023-03-26 18:14:14
153,155.0,Guimaraes,Portuguese Liga,1.27,0.97,52.84,2023-03-26,2023-03-26 18:14:14
154,156.0,Luton Town,English League Championship,1.31,1.01,52.76,2023-03-26,2023-03-26 18:14:14
155,157.0,Adana Demirspor,Turkish Turkcell Super Lig,1.54,1.24,52.73,2023-03-26,2023-03-26 18:14:14
156,158.0,West Bromwich Albion,English League Championship,1.35,1.06,52.71,2023-03-26,2023-03-26 18:14:14
157,159.0,Stoke City,English League Championship,1.37,1.09,52.52,2023-03-26,2023-03-26 18:14:14
158,178.0,Santos,Brasileiro Série A,1.39,1.1,52.5,2023-03-26,2023-03-26 18:14:14
159,161.0,Toluca,Mexican Primera Division Torneo Clausura,1.58,1.29,52.41,2023-03-26,2023-03-26 18:14:14
160,170.0,Heerenveen,Dutch Eredivisie,1.61,1.33,52.41,2023-03-26,2023-03-26 18:14:14
161,162.0,Guadalajara,Mexican Primera Division Torneo Clausura,1.4,1.13,52.21,2023-03-26,2023-03-26 18:14:14
162,163.0,SC Dnipro-1,UEFA Europa Conference League,1.55,1.28,52.11,2023-03-26,2023-03-26 18:14:14
163,174.0,Atlético Paranaense,Brasileiro Série A,1.41,1.14,52.0,2023-03-26,2023-03-26 18:14:14
164,165.0,Steaua Bucuresti,UEFA Europa Conference League,1.5,1.24,51.89,2023-03-26,2023-03-26 18:14:14
165,,Vasco da Gama,Brasileiro Série A,1.5,1.24,51.76,2023-03-26,2023-03-26 18:14:14
166,201.0,Bragantino,Brasileiro Série A,1.49,1.24,51.49,2023-03-26,2023-03-26 18:14:14
167,167.0,FC Sheriff Tiraspol,UEFA Europa League,1.51,1.27,51.36,2023-03-26,2023-03-26 18:14:14
168,169.0,Lech Poznan,UEFA Europa Conference League,1.35,1.11,51.28,2023-03-26,2023-03-26 18:14:14
169,171.0,FK Partizan Belgrade,UEFA Europa Conference League,1.41,1.17,51.22,2023-03-26,2023-03-26 18:14:14
170,172.0,Gil Vicente,Portuguese Liga,1.48,1.25,51.14,2023-03-26,2023-03-26 18:14:14
171,164.0,Auxerre,French Ligue 1,1.31,1.1,50.76,2023-03-26,2023-03-26 18:14:14
172,173.0,Brest,French Ligue 1,1.4,1.19,50.61,2023-03-26,2023-03-26 18:14:14
173,175.0,Cruz Azul,Mexican Primera Division Torneo Clausura,1.29,1.09,50.36,2023-03-26,2023-03-26 18:14:14
174,176.0,Coventry City,English League Championship,1.33,1.14,50.27,2023-03-26,2023-03-26 18:14:14
175,177.0,Millwall,English League Championship,1.3,1.1,50.27,2023-03-26,2023-03-26 18:14:14
176,179.0,Norwich City,English League Championship,1.37,1.18,50.18,2023-03-26,2023-03-26 18:14:14
177,180.0,Yokohama F. Marinos,Japanese J League,1.55,1.36,50.14,2023-03-26,2023-03-26 18:14:14
178,181.0,Empoli,Italy Serie A,1.51,1.32,50.06,2023-03-26,2023-03-26 18:14:14
179,185.0,Famalicao,Portuguese Liga,1.32,1.13,50.06,2023-03-26,2023-03-26 18:14:14
180,182.0,Cremonese,Italy Serie A,1.5,1.32,49.99,2023-03-26,2023-03-26 18:14:14
181,183.0,Rosenborg,Norwegian Tippeligaen,1.94,1.77,49.94,2023-03-26,2023-03-26 18:14:14
182,192.0,León,Mexican Primera Division Torneo Clausura,1.32,1.14,49.86,2023-03-26,2023-03-26 18:14:14
183,184.0,Rio Ave,Portuguese Liga,1.22,1.04,49.84,2023-03-26,2023-03-26 18:14:14
184,186.0,FC Midtjylland,Danish SAS-Ligaen,1.5,1.33,49.83,2023-03-26,2023-03-26 18:14:14
185,168.0,New York City FC,Major League Soccer,1.49,1.31,49.77,2023-03-26,2023-03-26 18:14:14
186,166.0,Rapid Vienna,Austrian T-Mobile Bundesliga,1.46,1.29,49.75,2023-03-26,2023-03-26 18:14:14
187,195.0,Sampdoria,Italy Serie A,1.4,1.23,49.75,2023-03-26,2023-03-26 18:14:14
188,187.0,Botafogo,Brasileiro Série A,1.3,1.14,49.52,2023-03-26,2023-03-26 18:14:14
189,188.0,FK Qarabag,UEFA Europa League,1.41,1.25,49.41,2023-03-26,2023-03-26 18:14:14
190,189.0,Maccabi Haifa,UEFA Champions League,1.69,1.54,49.35,2023-03-26,2023-03-26 18:14:14
191,146.0,Fortaleza,Brasileiro Série A,1.3,1.14,49.34,2023-03-26,2023-03-26 18:14:14
192,160.0,Atlanta United FC,Major League Soccer,1.6,1.45,49.33,2023-03-26,2023-03-26 18:14:14
193,215.0,Seattle Sounders FC,Major League Soccer,1.46,1.31,49.26,2023-03-26,2023-03-26 18:14:14
194,190.0,Hapoel Be'er,UEFA Europa Conference League,1.49,1.34,49.22,2023-03-26,2023-03-26 18:14:14
195,191.0,KVC Westerlo,Belgian Jupiler League,1.64,1.5,49.17,2023-03-26,2023-03-26 18:14:14
196,193.0,Go Ahead Eagles,Dutch Eredivisie,1.62,1.5,48.78,2023-03-26,2023-03-26 18:14:14
197,194.0,Argentinos Juniors,Argentina Primera Division,1.22,1.09,48.71,2023-03-26,2023-03-26 18:14:14
198,205.0,Rostov,Russian Premier Liga,1.49,1.37,48.62,2023-03-26,2023-03-26 18:14:14
199,197.0,FC Arouca,Portuguese Liga,1.22,1.09,48.46,2023-03-26,2023-03-26 18:14:14
200,199.0,Kawasaki Frontale,Japanese J League,1.52,1.42,48.34,2023-03-26,2023-03-26 18:14:14
201,200.0,RKC,Dutch Eredivisie,1.61,1.51,48.31,2023-03-26,2023-03-26 18:14:14
202,142.0,América Mineiro,Brasileiro Série A,1.31,1.2,48.26,2023-03-26,2023-03-26 18:14:14
203,202.0,Spezia,Italy Serie A,1.43,1.33,48.13,2023-03-26,2023-03-26 18:14:14
204,204.0,Atlas,Mexican Primera Division Torneo Clausura,1.29,1.18,48.1,2023-03-26,2023-03-26 18:14:14
205,217.0,FC Cincinnati,Major League Soccer,1.56,1.47,48.0,2023-03-26,2023-03-26 18:14:14
206,206.0,Metz,French Ligue 2,1.29,1.18,47.98,2023-03-26,2023-03-26 18:14:14
207,207.0,Watford,English League Championship,1.27,1.17,47.95,2023-03-26,2023-03-26 18:14:14
208,208.0,Chaves,Portuguese Liga,1.36,1.27,47.95,2023-03-26,2023-03-26 18:14:14
209,216.0,Velez Sarsfield,Argentina Primera Division,1.2,1.1,47.88,2023-03-26,2023-03-26 18:14:14
210,196.0,AC Ajaccio,French Ligue 1,1.22,1.13,47.77,2023-03-26,2023-03-26 18:14:14
211,225.0,FK Austria Vienna,Austrian T-Mobile Bundesliga,1.44,1.36,47.7,2023-03-26,2023-03-26 18:14:14
212,212.0,Istanbul Basaksehir,Turkish Turkcell Super Lig,1.28,1.2,47.54,2023-03-26,2023-03-26 18:14:14
213,210.0,Frosinone,Italy Serie B,1.24,1.16,47.46,2023-03-26,2023-03-26 18:14:14
214,214.0,FC Nordsjaelland,Danish SAS-Ligaen,1.42,1.35,47.32,2023-03-26,2023-03-26 18:14:14
215,213.0,FC Krasnodar,Russian Premier Liga,1.53,1.47,47.29,2023-03-26,2023-03-26 18:14:14
216,211.0,Panathinaikos,Greek Super League,1.03,0.95,47.25,2023-03-26,2023-03-26 18:14:14
217,203.0,Santos Laguna,Mexican Primera Division Torneo Clausura,1.53,1.49,46.91,2023-03-26,2023-03-26 18:14:14
218,209.0,LASK Linz,Austrian T-Mobile Bundesliga,1.49,1.45,46.86,2023-03-26,2023-03-26 18:14:14
219,198.0,Talleres de Córdoba,Argentina Primera Division,1.29,1.25,46.49,2023-03-26,2023-03-26 18:14:14
220,228.0,Swansea City,English League Championship,1.35,1.33,46.3,2023-03-26,2023-03-26 18:14:14
221,222.0,Vissel Kobe,Japanese J League,1.3,1.27,46.27,2023-03-26,2023-03-26 18:14:14
222,223.0,Urawa Red Diamonds,Japanese J League,1.33,1.32,46.06,2023-03-26,2023-03-26 18:14:14
223,220.0,Boavista,Portuguese Liga,1.23,1.21,46.04,2023-03-26,2023-03-26 18:14:14
224,224.0,Genoa,Italy Serie B,1.1,1.06,46.03,2023-03-26,2023-03-26 18:14:14
225,218.0,Boca Juniors,Argentina Primera Division,1.27,1.25,45.9,2023-03-26,2023-03-26 18:14:14
226,226.0,Fatih Karagümrük,Turkish Turkcell Super Lig,1.76,1.79,45.81,2023-03-26,2023-03-26 18:14:14
227,233.0,Casa Pia,Portuguese Liga,1.18,1.16,45.75,2023-03-26,2023-03-26 18:14:14
228,234.0,Terek Grozny,Russian Premier Liga,1.31,1.3,45.73,2023-03-26,2023-03-26 18:14:14
229,,Grêmio,Brasileiro Série A,1.34,1.34,45.71,2023-03-26,2023-03-26 18:14:14
230,229.0,Hammarby,Swedish Allsvenskan,1.52,1.55,45.44,2023-03-26,2023-03-26 18:14:14
231,,Bahía,Brasileiro Série A,1.32,1.34,45.34,2023-03-26,2023-03-26 18:14:14
232,250.0,Sporting de Charleroi,Belgian Jupiler League,1.27,1.29,45.29,2023-03-26,2023-03-26 18:14:14
233,221.0,San Lorenzo,Argentina Primera Division,1.11,1.11,45.26,2023-03-26,2023-03-26 18:14:14
234,230.0,Sochaux,French Ligue 2,1.19,1.2,45.19,2023-03-26,2023-03-26 18:14:14
235,219.0,St Gallen,Swiss Raiffeisen Super League,1.62,1.67,45.17,2023-03-26,2023-03-26 18:14:14
236,231.0,Angers,French Ligue 1,1.29,1.31,45.16,2023-03-26,2023-03-26 18:14:14
237,232.0,Salernitana,Italy Serie A,1.4,1.44,45.1,2023-03-26,2023-03-26 18:14:14
238,235.0,AEK Larnaca,UEFA Europa League,1.16,1.18,44.76,2023-03-26,2023-03-26 18:14:14
239,236.0,Apollon Limassol,UEFA Europa Conference League,1.21,1.24,44.74,2023-03-26,2023-03-26 18:14:14
240,237.0,Gazovik Orenburg,Russian Premier Liga,1.49,1.56,44.6,2023-03-26,2023-03-26 18:14:14
241,238.0,Cercle Brugge,Belgian Jupiler League,1.36,1.41,44.54,2023-03-26,2023-03-26 18:14:14
242,242.0,Silkeborg,Danish SAS-Ligaen,1.56,1.64,44.54,2023-03-26,2023-03-26 18:14:14
243,239.0,Standard Liege,Belgian Jupiler League,1.4,1.46,44.46,2023-03-26,2023-03-26 18:14:14
244,240.0,Konyaspor,Turkish Turkcell Super Lig,1.24,1.29,44.44,2023-03-26,2023-03-26 18:14:14
245,241.0,Mamelodi Sundowns,South African ABSA Premier League,1.22,1.27,44.33,2023-03-26,2023-03-26 18:14:14
246,243.0,Cagliari,Italy Serie B,1.18,1.24,44.1,2023-03-26,2023-03-26 18:14:14
247,244.0,Hearts,Scottish Premiership,1.41,1.49,44.06,2023-03-26,2023-03-26 18:14:14
248,245.0,Racing Club,Argentina Primera Division,1.24,1.31,43.94,2023-03-26,2023-03-26 18:14:14
249,252.0,Los Angeles Galaxy,Major League Soccer,1.46,1.55,43.94,2023-03-26,2023-03-26 18:14:14
250,246.0,Sunderland,English League Championship,1.23,1.3,43.89,2023-03-26,2023-03-26 18:14:14
251,247.0,Portimonense,Portuguese Liga,1.21,1.29,43.83,2023-03-26,2023-03-26 18:14:14
252,248.0,Hibernian,Scottish Premiership,1.36,1.45,43.77,2023-03-26,2023-03-26 18:14:14
253,287.0,Barnsley,English League One,1.36,1.45,43.72,2023-03-26,2023-03-26 18:14:14
254,251.0,Bordeaux,French Ligue 2,1.19,1.27,43.42,2023-03-26,2023-03-26 18:14:14
255,255.0,New York Red Bulls,Major League Soccer,1.16,1.25,43.42,2023-03-26,2023-03-26 18:14:14
256,254.0,Ipswich Town,English League One,1.27,1.37,43.38,2023-03-26,2023-03-26 18:14:14
257,299.0,Columbus Crew,Major League Soccer,1.34,1.45,43.26,2023-03-26,2023-03-26 18:14:14
258,257.0,Fortuna Sittard,Dutch Eredivisie,1.46,1.59,43.16,2023-03-26,2023-03-26 18:14:14
259,261.0,Troyes,French Ligue 1,1.41,1.54,43.13,2023-03-26,2023-03-26 18:14:14
260,259.0,CFR 1907 Cluj,UEFA Europa Conference League,1.22,1.33,42.98,2023-03-26,2023-03-26 18:14:14
261,260.0,Brondby,Danish SAS-Ligaen,1.38,1.52,42.78,2023-03-26,2023-03-26 18:14:14
262,266.0,FC Dallas,Major League Soccer,1.29,1.41,42.78,2023-03-26,2023-03-26 18:14:14
263,265.0,Sochi,Russian Premier Liga,1.32,1.46,42.61,2023-03-26,2023-03-26 18:14:14
264,306.0,FC St. Pauli,German 2. Bundesliga,1.3,1.44,42.58,2023-03-26,2023-03-26 18:14:14
265,249.0,Nashville SC,Major League Soccer,1.19,1.32,42.54,2023-03-26,2023-03-26 18:14:14
266,271.0,Le Havre,French Ligue 2,0.97,1.07,42.4,2023-03-26,2023-03-26 18:14:14
267,277.0,Viborg,Danish SAS-Ligaen,1.25,1.4,42.34,2023-03-26,2023-03-26 18:14:14
268,272.0,Montreal Impact,Major League Soccer,1.32,1.48,42.27,2023-03-26,2023-03-26 18:14:14
269,263.0,Aris Salonika,Greek Super League,1.14,1.27,42.2,2023-03-26,2023-03-26 18:14:14
270,274.0,BK Hacken,Swedish Allsvenskan,1.59,1.78,42.19,2023-03-26,2023-03-26 18:14:14
271,256.0,Granada,Spanish Segunda Division,1.04,1.17,42.06,2023-03-26,2023-03-26 18:14:14
272,262.0,Bristol City,English League Championship,1.12,1.26,42.05,2023-03-26,2023-03-26 18:14:14
273,267.0,Toronto FC,Major League Soccer,1.39,1.57,41.98,2023-03-26,2023-03-26 18:14:14
274,276.0,Tigre,Argentina Primera Division,1.21,1.36,41.94,2023-03-26,2023-03-26 18:14:14
275,278.0,IF Elfsborg,Swedish Allsvenskan,1.38,1.57,41.89,2023-03-26,2023-03-26 18:14:14
276,253.0,Huracán,Argentina Primera Division,1.07,1.21,41.84,2023-03-26,2023-03-26 18:14:14
277,269.0,Levante,Spanish Segunda Division,1.04,1.17,41.81,2023-03-26,2023-03-26 18:14:14
278,280.0,Kashima Antlers,Japanese J League,1.25,1.42,41.69,2023-03-26,2023-03-26 18:14:14
279,282.0,Ludogorets,UEFA Europa League,1.3,1.49,41.66,2023-03-26,2023-03-26 18:14:14
280,,Cruzeiro,Brasileiro Série A,1.23,1.4,41.65,2023-03-26,2023-03-26 18:14:14
281,301.0,Kayserispor,Turkish Turkcell Super Lig,1.39,1.59,41.64,2023-03-26,2023-03-26 18:14:14
282,283.0,St Etienne,French Ligue 2,1.34,1.54,41.54,2023-03-26,2023-03-26 18:14:14
283,284.0,FC Zurich,Swiss Raiffeisen Super League,1.3,1.49,41.49,2023-03-26,2023-03-26 18:14:14
284,285.0,Lokomotiv Moscow,Russian Premier Liga,1.29,1.48,41.42,2023-03-26,2023-03-26 18:14:14
285,258.0,Basel,Swiss Raiffeisen Super League,1.26,1.45,41.39,2023-03-26,2023-03-26 18:14:14
286,270.0,Pumas Unam,Mexican Primera Division Torneo Clausura,1.24,1.44,41.13,2023-03-26,2023-03-26 18:14:14
287,286.0,Necaxa,Mexican Primera Division Torneo Clausura,1.1,1.28,41.05,2023-03-26,2023-03-26 18:14:14
288,304.0,Alavés,Spanish Segunda Division,1.0,1.16,40.98,2023-03-26,2023-03-26 18:14:14
289,288.0,Estoril Praia,Portuguese Liga,1.15,1.34,40.94,2023-03-26,2023-03-26 18:14:14
290,291.0,Tijuana,Mexican Primera Division Torneo Clausura,1.17,1.39,40.65,2023-03-26,2023-03-26 18:14:14
291,289.0,Lanus,Argentina Primera Division,1.07,1.26,40.61,2023-03-26,2023-03-26 18:14:14
292,281.0,FC Groningen,Dutch Eredivisie,1.29,1.53,40.58,2023-03-26,2023-03-26 18:14:14
293,294.0,Hamburg SV,German 2. Bundesliga,1.42,1.68,40.33,2023-03-26,2023-03-26 18:14:14
294,324.0,Orlando City SC,Major League Soccer,1.24,1.48,40.33,2023-03-26,2023-03-26 18:14:14
295,295.0,Defensa y Justicia,Argentina Primera Division,1.14,1.36,40.3,2023-03-26,2023-03-26 18:14:14
296,305.0,AGF Aarhus,Danish SAS-Ligaen,1.03,1.24,40.25,2023-03-26,2023-03-26 18:14:14
297,296.0,Blackburn,English League Championship,1.03,1.23,40.24,2023-03-26,2023-03-26 18:14:14
298,298.0,Wolfsberger AC,Austrian T-Mobile Bundesliga,1.47,1.75,40.21,2023-03-26,2023-03-26 18:14:14
299,273.0,Austin FC,Major League Soccer,1.38,1.65,40.2,2023-03-26,2023-03-26 18:14:14
300,297.0,Pisa,Italy Serie B,1.05,1.26,40.19,2023-03-26,2023-03-26 18:14:14
301,300.0,Karlsruher SC,German 2. Bundesliga,1.4,1.68,40.02,2023-03-26,2023-03-26 18:14:14
302,321.0,Coritiba,Brasileiro Série A,1.17,1.41,39.99,2023-03-26,2023-03-26 18:14:14
303,290.0,Tenerife,Spanish Segunda Division,0.89,1.07,39.98,2023-03-26,2023-03-26 18:14:14
304,275.0,Cuiaba,Brasileiro Série A,1.1,1.33,39.98,2023-03-26,2023-03-26 18:14:14
305,302.0,Puebla,Mexican Primera Division Torneo Clausura,1.28,1.54,39.97,2023-03-26,2023-03-26 18:14:14
306,279.0,Sporting Kansas City,Major League Soccer,1.15,1.39,39.84,2023-03-26,2023-03-26 18:14:14
307,308.0,Pacos Ferreira,Portuguese Liga,1.12,1.36,39.8,2023-03-26,2023-03-26 18:14:14
308,292.0,Maritimo,Portuguese Liga,1.12,1.36,39.74,2023-03-26,2023-03-26 18:14:14
309,320.0,New England Revolution,Major League Soccer,1.28,1.56,39.7,2023-03-26,2023-03-26 18:14:14
310,310.0,Preston North End,English League Championship,1.04,1.28,39.66,2023-03-26,2023-03-26 18:14:14
311,264.0,Sheffield Wednesday,English League One,1.15,1.4,39.59,2023-03-26,2023-03-26 18:14:14
312,311.0,Djurgardens IF,Swedish Allsvenskan,1.21,1.48,39.59,2023-03-26,2023-03-26 18:14:14
313,313.0,Antalyaspor,Turkish Turkcell Super Lig,1.24,1.53,39.4,2023-03-26,2023-03-26 18:14:14
314,335.0,Sivasspor,Turkish Turkcell Super Lig,1.27,1.55,39.38,2023-03-26,2023-03-26 18:14:14
315,314.0,St. Truidense,Belgian Jupiler League,1.0,1.24,39.38,2023-03-26,2023-03-26 18:14:14
316,315.0,Valerenga,Norwegian Tippeligaen,1.39,1.7,39.38,2023-03-26,2023-03-26 18:14:14
317,316.0,Birmingham,English League Championship,1.13,1.4,39.36,2023-03-26,2023-03-26 18:14:14
318,318.0,Atlético San Luis,Mexican Primera Division Torneo Clausura,1.12,1.39,39.25,2023-03-26,2023-03-26 18:14:14
319,345.0,Chicago Fire,Major League Soccer,1.29,1.59,39.21,2023-03-26,2023-03-26 18:14:14
320,319.0,FC Volendam,Dutch Eredivisie,1.4,1.72,39.18,2023-03-26,2023-03-26 18:14:14
321,293.0,WSG Swarovski Wattens,Austrian T-Mobile Bundesliga,1.39,1.71,39.14,2023-03-26,2023-03-26 18:14:14
322,340.0,Fortuna Düsseldorf,German 2. Bundesliga,1.29,1.59,39.08,2023-03-26,2023-03-26 18:14:14
323,322.0,Sanfrecce Hiroshima,Japanese J League,1.19,1.48,38.96,2023-03-26,2023-03-26 18:14:14
324,323.0,Kasimpasa,Turkish Turkcell Super Lig,1.35,1.67,38.93,2023-03-26,2023-03-26 18:14:14
325,338.0,Newell's Old Boys,Argentina Primera Division,0.98,1.23,38.92,2023-03-26,2023-03-26 18:14:14
326,303.0,Bari,Italy Serie B,1.08,1.35,38.87,2023-03-26,2023-03-26 18:14:14
327,325.0,Ural Sverdlovsk Oblast,Russian Premier Liga,1.04,1.32,38.81,2023-03-26,2023-03-26 18:14:14
328,309.0,Estudiantes,Argentina Primera Division,1.11,1.4,38.76,2023-03-26,2023-03-26 18:14:14
329,326.0,Omonia Nicosia,UEFA Europa League,1.25,1.57,38.72,2023-03-26,2023-03-26 18:14:14
330,327.0,SV Darmstadt 98,German 2. Bundesliga,1.21,1.52,38.62,2023-03-26,2023-03-26 18:14:14
331,354.0,Vancouver Whitecaps,Major League Soccer,1.27,1.6,38.58,2023-03-26,2023-03-26 18:14:14
332,328.0,Hull City,English League Championship,1.05,1.34,38.52,2023-03-26,2023-03-26 18:14:14
333,332.0,FC Luzern,Swiss Raiffeisen Super League,1.27,1.6,38.36,2023-03-26,2023-03-26 18:14:14
334,333.0,Emmen,Dutch Eredivisie,1.21,1.53,38.36,2023-03-26,2023-03-26 18:14:14
335,334.0,Parma,Italy Serie B,1.04,1.33,38.24,2023-03-26,2023-03-26 18:14:14
336,307.0,OH Leuven,Belgian Jupiler League,1.25,1.59,38.19,2023-03-26,2023-03-26 18:14:14
337,336.0,Las Palmas,Spanish Segunda Division,0.93,1.2,38.15,2023-03-26,2023-03-26 18:14:14
338,337.0,Slovan Bratislava,UEFA Europa Conference League,1.12,1.44,38.09,2023-03-26,2023-03-26 18:14:14
339,329.0,FC Lugano,Swiss Raiffeisen Super League,1.27,1.63,38.0,2023-03-26,2023-03-26 18:14:14
340,331.0,Alanyaspor,Turkish Turkcell Super Lig,1.38,1.76,37.93,2023-03-26,2023-03-26 18:14:14
341,346.0,San Jose Earthquakes,Major League Soccer,1.31,1.68,37.89,2023-03-26,2023-03-26 18:14:14
342,341.0,Lillestrom,Norwegian Tippeligaen,1.2,1.56,37.75,2023-03-26,2023-03-26 18:14:14
343,330.0,Goiás,Brasileiro Série A,1.11,1.45,37.73,2023-03-26,2023-03-26 18:14:14
344,342.0,1. FC Heidenheim 1846,German 2. Bundesliga,1.19,1.54,37.71,2023-03-26,2023-03-26 18:14:14
345,312.0,Minnesota United FC,Major League Soccer,1.25,1.62,37.7,2023-03-26,2023-03-26 18:14:14
346,317.0,SK Austria Klagenfurt,Austrian T-Mobile Bundesliga,1.4,1.8,37.63,2023-03-26,2023-03-26 18:14:14
347,343.0,Caen,French Ligue 2,1.06,1.39,37.62,2023-03-26,2023-03-26 18:14:14
348,347.0,CA Independiente,Argentina Primera Division,1.02,1.35,37.44,2023-03-26,2023-03-26 18:14:14
349,352.0,FC Juárez,Mexican Primera Division Torneo Clausura,1.06,1.4,37.32,2023-03-26,2023-03-26 18:14:14
350,348.0,Malmo FF,Swedish Allsvenskan,1.21,1.6,37.24,2023-03-26,2023-03-26 18:14:14
351,349.0,SC Paderborn,German 2. Bundesliga,1.23,1.62,37.2,2023-03-26,2023-03-26 18:14:14
352,350.0,Cardiff City,English League Championship,0.91,1.23,37.2,2023-03-26,2023-03-26 18:14:14
353,351.0,Nagoya Grampus Eight,Japanese J League,0.93,1.25,37.16,2023-03-26,2023-03-26 18:14:14
354,362.0,Randers FC,Danish SAS-Ligaen,1.16,1.54,37.1,2023-03-26,2023-03-26 18:14:14
355,339.0,Krylia Sovetov,Russian Premier Liga,1.02,1.37,37.0,2023-03-26,2023-03-26 18:14:14
356,344.0,Portland Timbers,Major League Soccer,1.32,1.75,36.94,2023-03-26,2023-03-26 18:14:14
357,353.0,FC Tokyo,Japanese J League,1.14,1.53,36.89,2023-03-26,2023-03-26 18:14:14
358,355.0,Santa Clara,Portuguese Liga,1.03,1.4,36.68,2023-03-26,2023-03-26 18:14:14
359,356.0,Colon Santa Fe,Argentina Primera Division,1.1,1.49,36.66,2023-03-26,2023-03-26 18:14:14
360,379.0,Banfield,Argentina Primera Division,0.93,1.28,36.6,2023-03-26,2023-03-26 18:14:14
361,363.0,FC Andorra,Spanish Segunda Division,0.89,1.24,36.33,2023-03-26,2023-03-26 18:14:14
362,359.0,Aberdeen,Scottish Premiership,1.25,1.69,36.31,2023-03-26,2023-03-26 18:14:14
363,387.0,Austria Lustenau,Austrian T-Mobile Bundesliga,1.15,1.57,36.16,2023-03-26,2023-03-26 18:14:14
364,382.0,Rosario Central,Argentina Primera Division,1.04,1.44,36.13,2023-03-26,2023-03-26 18:14:14
365,357.0,Eibar,Spanish Segunda Division,0.85,1.2,36.11,2023-03-26,2023-03-26 18:14:14
366,360.0,Charlotte FC,Major League Soccer,1.19,1.64,35.93,2023-03-26,2023-03-26 18:14:14
367,364.0,Melbourne City,Australian A-League,1.35,1.86,35.57,2023-03-26,2023-03-26 18:14:14
368,361.0,Cambuur Leeuwarden,Dutch Eredivisie,1.29,1.79,35.51,2023-03-26,2023-03-26 18:14:14
369,366.0,Cerezo Osaka,Japanese J League,1.06,1.49,35.45,2023-03-26,2023-03-26 18:14:14
370,367.0,Paris FC,French Ligue 2,0.92,1.32,35.36,2023-03-26,2023-03-26 18:14:14
371,386.0,Albacete,Spanish Segunda Division,1.01,1.44,35.23,2023-03-26,2023-03-26 18:14:14
372,403.0,Colorado Rapids,Major League Soccer,1.17,1.65,35.21,2023-03-26,2023-03-26 18:14:14
373,369.0,Umraniyespor,Turkish Turkcell Super Lig,1.19,1.67,35.2,2023-03-26,2023-03-26 18:14:14
374,373.0,Grasshoppers Zürich,Swiss Raiffeisen Super League,1.27,1.78,35.15,2023-03-26,2023-03-26 18:14:14
375,375.0,Sudtirol,Italy Serie B,0.88,1.28,35.02,2023-03-26,2023-03-26 18:14:14
376,377.0,Queens Park Rangers,English League Championship,1.07,1.54,34.89,2023-03-26,2023-03-26 18:14:14
377,378.0,Perugia,Italy Serie B,0.94,1.38,34.87,2023-03-26,2023-03-26 18:14:14
378,380.0,Holstein Kiel,German 2. Bundesliga,1.29,1.82,34.81,2023-03-26,2023-03-26 18:14:14
379,381.0,Bastia,French Ligue 2,0.9,1.32,34.76,2023-03-26,2023-03-26 18:14:14
380,374.0,Querétaro,Mexican Primera Division Torneo Clausura,1.0,1.46,34.72,2023-03-26,2023-03-26 18:14:14
381,383.0,Sarpsborg,Norwegian Tippeligaen,1.39,1.95,34.72,2023-03-26,2023-03-26 18:14:14
382,370.0,Odense BK,Danish SAS-Ligaen,1.15,1.65,34.61,2023-03-26,2023-03-26 18:14:14
383,385.0,Platense,Argentina Primera Division,0.94,1.39,34.53,2023-03-26,2023-03-26 18:14:14
384,396.0,KV Mechelen,Belgian Jupiler League,1.29,1.83,34.52,2023-03-26,2023-03-26 18:14:14
385,358.0,Gazisehir Gaziantep,Turkish Turkcell Super Lig,1.11,1.61,34.4,2023-03-26,2023-03-26 18:14:14
386,388.0,Fakel Voronezh,Russian Premier Liga,1.11,1.62,34.37,2023-03-26,2023-03-26 18:14:14
387,389.0,Union Santa Fe,Argentina Primera Division,0.94,1.39,34.36,2023-03-26,2023-03-26 18:14:14
388,390.0,Bolton,English League One,0.97,1.44,34.36,2023-03-26,2023-03-26 18:14:14
389,407.0,Houston Dynamo,Major League Soccer,1.14,1.66,34.36,2023-03-26,2023-03-26 18:14:14
390,391.0,SpVgg Greuther Fürth,German 2. Bundesliga,1.1,1.61,34.23,2023-03-26,2023-03-26 18:14:14
391,392.0,Odd BK,Norwegian Tippeligaen,1.22,1.77,34.19,2023-03-26,2023-03-26 18:14:14
392,393.0,Como,Italy Serie B,0.97,1.44,34.17,2023-03-26,2023-03-26 18:14:14
393,394.0,Motherwell,Scottish Premiership,1.1,1.61,34.09,2023-03-26,2023-03-26 18:14:14
394,397.0,Mazatlán FC,Mexican Primera Division Torneo Clausura,1.1,1.62,34.09,2023-03-26,2023-03-26 18:14:14
395,384.0,FK Nizhny Novgorod,Russian Premier Liga,0.97,1.46,33.94,2023-03-26,2023-03-26 18:14:14
396,371.0,Sarmiento,Argentina Primera Division,1.01,1.51,33.93,2023-03-26,2023-03-26 18:14:14
397,401.0,Excelsior,Dutch Eredivisie,1.26,1.84,33.88,2023-03-26,2023-03-26 18:14:14
398,372.0,Real Zaragoza,Spanish Segunda Division,0.79,1.23,33.88,2023-03-26,2023-03-26 18:14:14
399,408.0,Real Oviedo,Spanish Segunda Division,0.73,1.14,33.83,2023-03-26,2023-03-26 18:14:14
400,398.0,Ballkani,UEFA Europa Conference League,1.2,1.76,33.76,2023-03-26,2023-03-26 18:14:14
401,368.0,Derby County,English League One,1.13,1.68,33.69,2023-03-26,2023-03-26 18:14:14
402,399.0,Guingamp,French Ligue 2,1.04,1.57,33.54,2023-03-26,2023-03-26 18:14:14
403,400.0,Kalmar FF,Swedish Allsvenskan,0.99,1.51,33.51,2023-03-26,2023-03-26 18:14:14
404,418.0,Instituto,Argentina Primera Division,1.05,1.59,33.45,2023-03-26,2023-03-26 18:14:14
405,376.0,Inter Miami CF,Major League Soccer,1.13,1.7,33.44,2023-03-26,2023-03-26 18:14:14
406,402.0,Sporting Gijón,Spanish Segunda Division,0.85,1.32,33.3,2023-03-26,2023-03-26 18:14:14
407,405.0,Livingston,Scottish Premiership,0.99,1.52,33.22,2023-03-26,2023-03-26 18:14:14
408,406.0,AIK,Swedish Allsvenskan,1.05,1.61,33.14,2023-03-26,2023-03-26 18:14:14
409,414.0,Servette,Swiss Raiffeisen Super League,1.08,1.65,33.03,2023-03-26,2023-03-26 18:14:14
410,409.0,Palermo,Italy Serie B,1.05,1.62,33.0,2023-03-26,2023-03-26 18:14:14
411,410.0,Reading,English League Championship,0.97,1.5,33.0,2023-03-26,2023-03-26 18:14:14
412,428.0,Gimnasia La Plata,Argentina Primera Division,0.86,1.36,32.91,2023-03-26,2023-03-26 18:14:14
413,395.0,Ankaragucu,Turkish Turkcell Super Lig,1.02,1.58,32.9,2023-03-26,2023-03-26 18:14:14
414,413.0,Blackpool,English League Championship,1.04,1.61,32.78,2023-03-26,2023-03-26 18:14:14
415,415.0,Consadole Sapporo,Japanese J League,1.2,1.82,32.67,2023-03-26,2023-03-26 18:14:14
416,416.0,Arminia Bielefeld,German 2. Bundesliga,1.13,1.74,32.63,2023-03-26,2023-03-26 18:14:14
417,417.0,Grenoble,French Ligue 2,0.73,1.2,32.52,2023-03-26,2023-03-26 18:14:14
418,449.0,Villarreal B,Spanish Segunda Division,0.91,1.45,32.5,2023-03-26,2023-03-26 18:14:14
419,419.0,Godoy Cruz,Argentina Primera Division,0.88,1.41,32.43,2023-03-26,2023-03-26 18:14:14
420,420.0,St Mirren,Scottish Premiership,0.9,1.44,32.4,2023-03-26,2023-03-26 18:14:14
421,422.0,F.B.C Unione Venezia,Italy Serie B,0.91,1.47,32.31,2023-03-26,2023-03-26 18:14:14
422,423.0,Atlético Tucumán,Argentina Primera Division,0.89,1.44,32.29,2023-03-26,2023-03-26 18:14:14
423,404.0,FC Cartagena,Spanish Segunda Division,0.93,1.49,32.27,2023-03-26,2023-03-26 18:14:14
424,424.0,Rigas Futbola Skola,UEFA Europa Conference League,1.16,1.8,32.23,2023-03-26,2023-03-26 18:14:14
425,425.0,Viking FK,Norwegian Tippeligaen,1.34,2.03,32.13,2023-03-26,2023-03-26 18:14:14
426,426.0,Wigan,English League Championship,0.88,1.43,32.03,2023-03-26,2023-03-26 18:14:14
427,445.0,Peterborough United,English League One,1.13,1.77,31.94,2023-03-26,2023-03-26 18:14:14
428,430.0,Leganes,Spanish Segunda Division,0.74,1.26,31.79,2023-03-26,2023-03-26 18:14:14
429,442.0,Plymouth Argyle,English League One,1.04,1.67,31.61,2023-03-26,2023-03-26 18:14:14
430,432.0,Belgrano Cordoba,Argentina Primera Division,0.92,1.52,31.59,2023-03-26,2023-03-26 18:14:14
431,431.0,Wycombe Wanderers,English League One,0.87,1.44,31.52,2023-03-26,2023-03-26 18:14:14
432,433.0,Kyoto Purple Sanga,Japanese J League,0.86,1.44,31.35,2023-03-26,2023-03-26 18:14:14
433,427.0,Central Córdoba Santiago del Estero,Argentina Primera Division,0.9,1.5,31.31,2023-03-26,2023-03-26 18:14:14
434,429.0,DC United,Major League Soccer,1.12,1.8,31.31,2023-03-26,2023-03-26 18:14:14
435,434.0,Rotherham United,English League Championship,0.93,1.55,31.28,2023-03-26,2023-03-26 18:14:14
436,435.0,Huddersfield Town,English League Championship,0.83,1.41,31.21,2023-03-26,2023-03-26 18:14:14
437,436.0,KV Kortrijk,Belgian Jupiler League,1.14,1.84,31.2,2023-03-26,2023-03-26 18:14:14
438,437.0,Zalgiris Vilnius,UEFA Europa Conference League,1.1,1.79,30.99,2023-03-26,2023-03-26 18:14:14
439,439.0,US Quevilly,French Ligue 2,0.8,1.39,30.94,2023-03-26,2023-03-26 18:14:14
440,440.0,Tromso,Norwegian Tippeligaen,1.13,1.84,30.88,2023-03-26,2023-03-26 18:14:14
441,441.0,Barracas Central,Argentina Primera Division,0.93,1.57,30.85,2023-03-26,2023-03-26 18:14:14
442,444.0,St Johnstone,Scottish Premiership,0.95,1.6,30.75,2023-03-26,2023-03-26 18:14:14
443,412.0,Louisville City FC,United Soccer League,1.04,1.73,30.67,2023-03-26,2023-03-26 18:14:14
444,446.0,Modena,Italy Serie B,1.02,1.71,30.58,2023-03-26,2023-03-26 18:14:14
445,447.0,FC Vaduz,Swiss Raiffeisen Super League,0.96,1.63,30.56,2023-03-26,2023-03-26 18:14:14
446,448.0,SD Huesca,Spanish Segunda Division,0.71,1.28,30.56,2023-03-26,2023-03-26 18:14:14
447,438.0,FC Khimki,Russian Premier Liga,0.97,1.65,30.42,2023-03-26,2023-03-26 18:14:14
448,451.0,Amiens,French Ligue 2,0.84,1.49,30.01,2023-03-26,2023-03-26 18:14:14
449,460.0,Hartberg,Austrian T-Mobile Bundesliga,1.06,1.79,29.96,2023-03-26,2023-03-26 18:14:14
450,484.0,St. Louis CITY SC,Major League Soccer,0.99,1.69,29.93,2023-03-26,2023-03-26 18:14:14
451,453.0,Haugesund,Norwegian Tippeligaen,1.04,1.77,29.89,2023-03-26,2023-03-26 18:14:14
452,456.0,AC Horsens,Danish SAS-Ligaen,1.07,1.81,29.86,2023-03-26,2023-03-26 18:14:14
453,463.0,Racing Santander,Spanish Segunda Division,0.78,1.4,29.86,2023-03-26,2023-03-26 18:14:14
454,454.0,Arsenal Sarandi,Argentina Primera Division,0.87,1.53,29.85,2023-03-26,2023-03-26 18:14:14
455,411.0,Real Salt Lake,Major League Soccer,1.03,1.76,29.81,2023-03-26,2023-03-26 18:14:14
456,455.0,Avispa Fukuoka,Japanese J League,0.81,1.46,29.75,2023-03-26,2023-03-26 18:14:14
457,443.0,AaB,Danish SAS-Ligaen,0.93,1.64,29.68,2023-03-26,2023-03-26 18:14:14
458,452.0,Burgos,Spanish Segunda Division,0.65,1.24,29.54,2023-03-26,2023-03-26 18:14:14
459,458.0,Istanbulspor,Turkish Turkcell Super Lig,1.04,1.8,29.37,2023-03-26,2023-03-26 18:14:14
460,457.0,Lyngby,Danish SAS-Ligaen,0.94,1.67,29.34,2023-03-26,2023-03-26 18:14:14
461,459.0,1. FC Kaiserslautern,German 2. Bundesliga,0.99,1.74,29.33,2023-03-26,2023-03-26 18:14:14
462,450.0,Portsmouth,English League One,0.92,1.64,29.32,2023-03-26,2023-03-26 18:14:14
463,462.0,IFK Goteborg,Swedish Allsvenskan,1.06,1.84,29.17,2023-03-26,2023-03-26 18:14:14
464,461.0,SV Ried,Austrian T-Mobile Bundesliga,0.88,1.58,29.16,2023-03-26,2023-03-26 18:14:14
465,466.0,Mirandes,Spanish Segunda Division,0.84,1.54,28.86,2023-03-26,2023-03-26 18:14:14
466,464.0,Málaga,Spanish Segunda Division,0.77,1.45,28.74,2023-03-26,2023-03-26 18:14:14
467,465.0,Ross County,Scottish Premiership,0.87,1.6,28.73,2023-03-26,2023-03-26 18:14:14
468,471.0,Ternana,Italy Serie B,0.84,1.56,28.63,2023-03-26,2023-03-26 18:14:14
469,467.0,HJK Helsinki,UEFA Europa League,0.94,1.71,28.47,2023-03-26,2023-03-26 18:14:14
470,468.0,Annecy,French Ligue 2,0.87,1.61,28.39,2023-03-26,2023-03-26 18:14:14
471,469.0,Guangzhou Evergrande,Chinese Super League,1.08,1.93,28.19,2023-03-26,2023-03-26 18:14:14
472,470.0,Ascoli,Italy Serie B,0.74,1.45,28.02,2023-03-26,2023-03-26 18:14:14
473,472.0,IFK Norrkoping,Swedish Allsvenskan,1.03,1.88,27.93,2023-03-26,2023-03-26 18:14:14
474,475.0,Giresunspor,Turkish Turkcell Super Lig,0.92,1.73,27.68,2023-03-26,2023-03-26 18:14:14
475,476.0,Dundee Utd,Scottish Premiership,0.89,1.7,27.63,2023-03-26,2023-03-26 18:14:14
476,477.0,Valenciennes,French Ligue 2,0.81,1.58,27.48,2023-03-26,2023-03-26 18:14:14
477,486.0,UD Ibiza,Spanish Segunda Division,0.81,1.58,27.4,2023-03-26,2023-03-26 18:14:14
478,479.0,Dijon FCO,French Ligue 2,0.77,1.53,27.38,2023-03-26,2023-03-26 18:14:14
479,480.0,Benevento,Italy Serie B,0.69,1.41,27.3,2023-03-26,2023-03-26 18:14:14
480,481.0,Sagan Tosu,Japanese J League,0.84,1.65,27.05,2023-03-26,2023-03-26 18:14:14
481,482.0,Atromitos,Greek Super League,0.7,1.44,27.04,2023-03-26,2023-03-26 18:14:14
482,483.0,Stromsgodset,Norwegian Tippeligaen,1.11,2.04,27.02,2023-03-26,2023-03-26 18:14:14
483,485.0,Rodez,French Ligue 2,0.77,1.56,26.97,2023-03-26,2023-03-26 18:14:14
484,487.0,KV Oostende,Belgian Jupiler League,1.05,1.96,26.88,2023-03-26,2023-03-26 18:14:14
485,488.0,Cittadella,Italy Serie B,0.75,1.53,26.87,2023-03-26,2023-03-26 18:14:14
486,489.0,Kashiwa Reysol,Japanese J League,0.9,1.75,26.81,2023-03-26,2023-03-26 18:14:14
487,474.0,Eupen,Belgian Jupiler League,1.13,2.08,26.79,2023-03-26,2023-03-26 18:14:14
488,490.0,Gamba Osaka,Japanese J League,0.85,1.68,26.79,2023-03-26,2023-03-26 18:14:14
489,509.0,Cashpoint SC Rheindorf Altach,Austrian T-Mobile Bundesliga,0.98,1.88,26.66,2023-03-26,2023-03-26 18:14:14
490,473.0,Volos NFC,Greek Super League,0.83,1.67,26.58,2023-03-26,2023-03-26 18:14:14
491,491.0,Reggina,Italy Serie B,0.83,1.66,26.58,2023-03-26,2023-03-26 18:14:14
492,492.0,Nimes,French Ligue 2,0.89,1.76,26.49,2023-03-26,2023-03-26 18:14:14
493,502.0,Torpedo Moskow,Russian Premier Liga,0.72,1.52,26.12,2023-03-26,2023-03-26 18:14:14
494,496.0,SV Zulte Waregem,Belgian Jupiler League,1.25,2.31,26.08,2023-03-26,2023-03-26 18:14:14
495,497.0,Shrewsbury Town,English League One,0.81,1.68,26.03,2023-03-26,2023-03-26 18:14:14
496,499.0,Albirex Niigata,Japanese J League,0.87,1.77,25.95,2023-03-26,2023-03-26 18:14:14
497,478.0,Hannover 96,German 2. Bundesliga,0.95,1.89,25.94,2023-03-26,2023-03-26 18:14:14
498,500.0,Mjallby,Swedish Allsvenskan,0.77,1.63,25.84,2023-03-26,2023-03-26 18:14:14
499,493.0,Arizona United,United Soccer League,1.01,1.98,25.83,2023-03-26,2023-03-26 18:14:14
500,501.0,Shonan Bellmare,Japanese J League,0.75,1.61,25.51,2023-03-26,2023-03-26 18:14:14
501,503.0,Spal,Italy Serie B,0.8,1.69,25.48,2023-03-26,2023-03-26 18:14:14
502,498.0,SD Ponferradina,Spanish Segunda Division,0.65,1.47,25.43,2023-03-26,2023-03-26 18:14:14
503,495.0,San Antonio FC,United Soccer League,0.85,1.76,25.35,2023-03-26,2023-03-26 18:14:14
504,505.0,Pau,French Ligue 2,0.64,1.44,25.34,2023-03-26,2023-03-26 18:14:14
505,506.0,FC Sion,Swiss Raiffeisen Super League,1.04,2.06,25.27,2023-03-26,2023-03-26 18:14:14
506,507.0,Kristiansund BK,Norwegian Tippeligaen,1.06,2.09,25.23,2023-03-26,2023-03-26 18:14:14
507,508.0,Jahn Regensburg,German 2. Bundesliga,0.87,1.8,25.23,2023-03-26,2023-03-26 18:14:14
508,510.0,Beijing Guoan,Chinese Super League,0.98,1.99,24.95,2023-03-26,2023-03-26 18:14:14
509,494.0,Hatayspor,Turkish Turkcell Super Lig,0.93,1.92,24.95,2023-03-26,2023-03-26 18:14:14
510,511.0,Aalesund,Norwegian Tippeligaen,0.82,1.76,24.93,2023-03-26,2023-03-26 18:14:14
511,513.0,Charlton Athletic,English League One,0.84,1.78,24.89,2023-03-26,2023-03-26 18:14:14
512,504.0,Hansa Rostock,German 2. Bundesliga,0.82,1.75,24.88,2023-03-26,2023-03-26 18:14:14
513,512.0,1. FC Nürnberg,German 2. Bundesliga,0.79,1.71,24.86,2023-03-26,2023-03-26 18:14:14
514,521.0,Winterthur,Swiss Raiffeisen Super League,0.81,1.74,24.83,2023-03-26,2023-03-26 18:14:14
515,514.0,Kilmarnock,Scottish Premiership,0.82,1.77,24.78,2023-03-26,2023-03-26 18:14:14
516,515.0,Asteras Tripolis,Greek Super League,0.62,1.45,24.75,2023-03-26,2023-03-26 18:14:14
517,516.0,OFI Crete,Greek Super League,0.72,1.62,24.67,2023-03-26,2023-03-26 18:14:14
518,517.0,Laval,French Ligue 2,0.86,1.84,24.56,2023-03-26,2023-03-26 18:14:14
519,518.0,Shanghai SIPG,Chinese Super League,0.9,1.92,24.26,2023-03-26,2023-03-26 18:14:14
520,519.0,Western Sydney FC,Australian A-League,0.85,1.85,23.98,2023-03-26,2023-03-26 18:14:14
521,529.0,Eintracht Braunschweig,German 2. Bundesliga,0.87,1.9,23.8,2023-03-26,2023-03-26 18:14:14
522,522.0,Pyunik Yerevan,UEFA Europa Conference League,0.87,1.9,23.79,2023-03-26,2023-03-26 18:14:14
523,520.0,San Diego Loyal SC,United Soccer League,0.91,1.97,23.67,2023-03-26,2023-03-26 18:14:14
524,523.0,Sydney FC,Australian A-League,0.98,2.09,23.66,2023-03-26,2023-03-26 18:14:14
525,524.0,Orlando Pirates,South African ABSA Premier League,0.62,1.55,23.28,2023-03-26,2023-03-26 18:14:14
526,526.0,Panetolikos,Greek Super League,0.71,1.71,22.94,2023-03-26,2023-03-26 18:14:14
527,527.0,Central Coast Mariners,Australian A-League,1.02,2.2,22.88,2023-03-26,2023-03-26 18:14:14
528,528.0,1. FC Magdeburg,German 2. Bundesliga,0.91,2.03,22.86,2023-03-26,2023-03-26 18:14:14
529,546.0,Exeter City,English League One,0.8,1.87,22.74,2023-03-26,2023-03-26 18:14:14
530,530.0,Niort,French Ligue 2,0.77,1.84,22.42,2023-03-26,2023-03-26 18:14:14
531,537.0,Fleetwood Town,English League One,0.65,1.66,22.24,2023-03-26,2023-03-26 18:14:14
532,525.0,Tampa Bay Rowdies,United Soccer League,0.79,1.92,21.84,2023-03-26,2023-03-26 18:14:14
533,532.0,Adelaide United,Australian A-League,1.04,2.31,21.82,2023-03-26,2023-03-26 18:14:14
534,533.0,Brescia,Italy Serie B,0.62,1.64,21.79,2023-03-26,2023-03-26 18:14:14
535,534.0,Hamarkamaratene,Norwegian Tippeligaen,0.71,1.8,21.61,2023-03-26,2023-03-26 18:14:14
536,536.0,Giannina,Greek Super League,0.65,1.71,21.39,2023-03-26,2023-03-26 18:14:14
537,538.0,Melbourne Victory,Australian A-League,0.75,1.89,21.17,2023-03-26,2023-03-26 18:14:14
538,531.0,Orange County SC,United Soccer League,0.82,2.0,21.15,2023-03-26,2023-03-26 18:14:14
539,540.0,Colorado Springs Switchbacks FC,United Soccer League,0.76,1.91,21.14,2023-03-26,2023-03-26 18:14:14
540,541.0,RFC Seraing,Belgian Jupiler League,0.78,1.96,20.97,2023-03-26,2023-03-26 18:14:14
541,542.0,Shamrock Rovers,UEFA Europa Conference League,0.69,1.84,20.63,2023-03-26,2023-03-26 18:14:14
542,543.0,SuperSport United,South African ABSA Premier League,0.56,1.63,20.51,2023-03-26,2023-03-26 18:14:14
543,544.0,IK Sirius,Swedish Allsvenskan,0.73,1.9,20.51,2023-03-26,2023-03-26 18:14:14
544,535.0,Lugo,Spanish Segunda Division,0.54,1.6,20.4,2023-03-26,2023-03-26 18:14:14
545,558.0,Salford City,English League Two,0.84,2.13,20.06,2023-03-26,2023-03-26 18:14:14
546,545.0,Yokohama FC,Japanese J League,0.79,2.06,19.78,2023-03-26,2023-03-26 18:14:14
547,547.0,Degerfors IF,Swedish Allsvenskan,0.73,1.97,19.64,2023-03-26,2023-03-26 18:14:14
548,548.0,Cosenza,Italy Serie B,0.62,1.79,19.57,2023-03-26,2023-03-26 18:14:14
549,549.0,Kaizer Chiefs,South African ABSA Premier League,0.59,1.76,19.22,2023-03-26,2023-03-26 18:14:14
550,539.0,SV Sandhausen,German 2. Bundesliga,0.74,2.03,19.2,2023-03-26,2023-03-26 18:14:14
551,550.0,Sacramento Republic FC,United Soccer League,0.64,1.87,19.02,2023-03-26,2023-03-26 18:14:14
552,551.0,Birmingham Legion FC,United Soccer League,0.75,2.07,18.93,2023-03-26,2023-03-26 18:14:14
553,552.0,Oxford United,English League One,0.66,1.91,18.9,2023-03-26,2023-03-26 18:14:14
554,553.0,Black Aces,South African ABSA Premier League,0.57,1.76,18.9,2023-03-26,2023-03-26 18:14:14
555,554.0,Wellington Phoenix,Australian A-League,0.86,2.26,18.83,2023-03-26,2023-03-26 18:14:14
556,555.0,Sandefjord,Norwegian Tippeligaen,0.93,2.38,18.78,2023-03-26,2023-03-26 18:14:14
557,556.0,New Mexico United,United Soccer League,0.68,1.95,18.73,2023-03-26,2023-03-26 18:14:14
558,557.0,Shandong Luneng,Chinese Super League,0.82,2.22,18.5,2023-03-26,2023-03-26 18:14:14
559,559.0,Jiangsu Suning FC,Chinese Super League,0.71,2.04,18.37,2023-03-26,2023-03-26 18:14:14
560,560.0,IFK Värnamo,Swedish Allsvenskan,0.69,2.02,18.36,2023-03-26,2023-03-26 18:14:14
561,561.0,Ionikos FC,Greek Super League,0.53,1.73,18.31,2023-03-26,2023-03-26 18:14:14
562,563.0,Lincoln City,English League One,0.46,1.66,17.45,2023-03-26,2023-03-26 18:14:14
563,564.0,Levadiakos,Greek Super League,0.49,1.71,17.44,2023-03-26,2023-03-26 18:14:14
564,565.0,Stellenbosch FC,South African ABSA Premier League,0.53,1.82,17.16,2023-03-26,2023-03-26 18:14:14
565,574.0,Port Vale,English League One,0.6,1.97,16.75,2023-03-26,2023-03-26 18:14:14
566,566.0,Miami FC,United Soccer League,0.58,1.95,16.62,2023-03-26,2023-03-26 18:14:14
567,567.0,Bristol Rovers,English League One,0.67,2.13,16.53,2023-03-26,2023-03-26 18:14:14
568,568.0,FK Jerv,Norwegian Tippeligaen,0.75,2.29,16.36,2023-03-26,2023-03-26 18:14:14
569,569.0,Memphis 901 FC,United Soccer League,0.66,2.14,16.25,2023-03-26,2023-03-26 18:14:14
570,562.0,Mansfield Town,English League Two,0.64,2.1,16.22,2023-03-26,2023-03-26 18:14:14
571,570.0,Western United,Australian A-League,0.73,2.26,16.22,2023-03-26,2023-03-26 18:14:14
572,571.0,Milton Keynes Dons,English League One,0.49,1.82,16.19,2023-03-26,2023-03-26 18:14:14
573,585.0,El Paso Locomotive FC,United Soccer League,0.65,2.14,16.03,2023-03-26,2023-03-26 18:14:14
574,572.0,Varbergs BoIS FC,Swedish Allsvenskan,0.71,2.26,15.85,2023-03-26,2023-03-26 18:14:14
575,573.0,Cheltenham Town,English League One,0.51,1.9,15.74,2023-03-26,2023-03-26 18:14:14
576,595.0,TS Galaxy,South African ABSA Premier League,0.3,1.47,15.73,2023-03-26,2023-03-26 18:14:14
577,581.0,Oakland Roots,United Soccer League,0.61,2.09,15.67,2023-03-26,2023-03-26 18:14:14
578,575.0,Burton Albion,English League One,0.75,2.36,15.59,2023-03-26,2023-03-26 18:14:14
579,576.0,Newcastle Jets,Australian A-League,0.69,2.26,15.55,2023-03-26,2023-03-26 18:14:14
580,577.0,Pittsburgh Riverhounds,United Soccer League,0.55,2.0,15.44,2023-03-26,2023-03-26 18:14:14
581,579.0,Brisbane Roar,Australian A-League,0.54,1.99,15.25,2023-03-26,2023-03-26 18:14:14
582,583.0,Stockport County,English League Two,0.42,1.78,14.86,2023-03-26,2023-03-26 18:14:14
583,582.0,Perth Glory,Australian A-League,0.6,2.16,14.69,2023-03-26,2023-03-26 18:14:14
584,584.0,AmaZulu,South African ABSA Premier League,0.35,1.68,14.53,2023-03-26,2023-03-26 18:14:14
585,589.0,Charleston Battery,United Soccer League,0.64,2.28,14.26,2023-03-26,2023-03-26 18:14:14
586,580.0,Swindon Town,English League Two,0.58,2.18,14.08,2023-03-26,2023-03-26 18:14:14
587,578.0,Carlisle United,English League Two,0.44,1.93,13.83,2023-03-26,2023-03-26 18:14:14
588,588.0,Golden Arrows,South African ABSA Premier League,0.53,2.14,13.48,2023-03-26,2023-03-26 18:14:14
589,586.0,Rio Grande Valley FC Toros,United Soccer League,0.49,2.07,13.37,2023-03-26,2023-03-26 18:14:14
590,590.0,Lamia,Greek Super League,0.37,1.83,13.32,2023-03-26,2023-03-26 18:14:14
591,597.0,Northampton Town,English League Two,0.34,1.77,13.28,2023-03-26,2023-03-26 18:14:14
592,592.0,Macarthur FC,Australian A-League,0.68,2.49,12.98,2023-03-26,2023-03-26 18:14:14
593,593.0,Royal AM,South African ABSA Premier League,0.48,2.1,12.93,2023-03-26,2023-03-26 18:14:14
594,587.0,Stevenage,English League Two,0.44,2.05,12.59,2023-03-26,2023-03-26 18:14:14
595,591.0,Bradford City,English League Two,0.33,1.83,12.43,2023-03-26,2023-03-26 18:14:14
596,594.0,Leyton Orient,English League Two,0.33,1.84,12.29,2023-03-26,2023-03-26 18:14:14
597,596.0,Hartford Athletic,United Soccer League,0.59,2.4,12.23,2023-03-26,2023-03-26 18:14:14
598,600.0,Tulsa Roughnecks,United Soccer League,0.54,2.32,11.99,2023-03-26,2023-03-26 18:14:14
599,599.0,Tianjin Teda,Chinese Super League,0.5,2.26,11.8,2023-03-26,2023-03-26 18:14:14
600,602.0,Indy Eleven,United Soccer League,0.47,2.2,11.71,2023-03-26,2023-03-26 18:14:14
601,601.0,Sekhukhune United,South African ABSA Premier League,0.25,1.73,11.5,2023-03-26,2023-03-26 18:14:14
602,598.0,Detroit City FC,United Soccer League,0.38,2.05,11.35,2023-03-26,2023-03-26 18:14:14
603,603.0,Chippa United,South African ABSA Premier League,0.34,1.98,11.17,2023-03-26,2023-03-26 18:14:14
604,604.0,Shanghai Greenland,Chinese Super League,0.56,2.47,11.13,2023-03-26,2023-03-26 18:14:14
605,605.0,Morecambe,English League One,0.41,2.21,10.63,2023-03-26,2023-03-26 18:14:14
606,607.0,Hebei China Fortune FC,Chinese Super League,0.5,2.43,10.52,2023-03-26,2023-03-26 18:14:14
607,608.0,Newport County,English League Two,0.34,2.05,10.47,2023-03-26,2023-03-26 18:14:14
608,606.0,Sutton United,English League Two,0.27,1.9,10.44,2023-03-26,2023-03-26 18:14:14
609,609.0,Henan Jianye,Chinese Super League,0.46,2.36,10.34,2023-03-26,2023-03-26 18:14:14
610,610.0,Monterey Bay,United Soccer League,0.41,2.29,10.01,2023-03-26,2023-03-26 18:14:14
611,611.0,Dalian Aerbin,Chinese Super League,0.51,2.51,9.96,2023-03-26,2023-03-26 18:14:14
612,613.0,Tshakhuma Tsha Madzivhandila,South African ABSA Premier League,0.22,1.86,9.75,2023-03-26,2023-03-26 18:14:14
613,614.0,Guangzhou RF,Chinese Super League,0.66,2.86,9.74,2023-03-26,2023-03-26 18:14:14
614,616.0,Wuhan Zall,Chinese Super League,0.39,2.32,9.4,2023-03-26,2023-03-26 18:14:14
615,617.0,Helsingborgs IF,Swedish Allsvenskan,0.35,2.23,9.3,2023-03-26,2023-03-26 18:14:14
616,618.0,Walsall,English League Two,0.2,1.89,9.03,2023-03-26,2023-03-26 18:14:14
617,619.0,Moroka Swallows,South African ABSA Premier League,0.22,1.95,8.93,2023-03-26,2023-03-26 18:14:14
618,612.0,Richards Bay,South African ABSA Premier League,0.2,1.92,8.77,2023-03-26,2023-03-26 18:14:14
619,620.0,Grimsby Town,English League Two,0.26,2.11,8.61,2023-03-26,2023-03-26 18:14:14
620,623.0,Gillingham,English League Two,0.2,1.95,8.57,2023-03-26,2023-03-26 18:14:14
621,634.0,Forest Green Rovers,English League One,0.31,2.25,8.49,2023-03-26,2023-03-26 18:14:14
622,622.0,Maritzburg Utd,South African ABSA Premier League,0.21,2.02,8.37,2023-03-26,2023-03-26 18:14:14
623,635.0,Las Vegas Lights FC,United Soccer League,0.31,2.27,8.29,2023-03-26,2023-03-26 18:14:14
624,624.0,Barrow,English League Two,0.2,2.0,8.19,2023-03-26,2023-03-26 18:14:14
625,626.0,GIF Sundsvall,Swedish Allsvenskan,0.52,2.81,8.15,2023-03-26,2023-03-26 18:14:14
626,625.0,Colchester United,English League Two,0.22,2.06,8.07,2023-03-26,2023-03-26 18:14:14
627,628.0,Cambridge United,English League One,0.23,2.12,8.05,2023-03-26,2023-03-26 18:14:14
628,630.0,Tranmere Rovers,English League Two,0.2,2.03,8.02,2023-03-26,2023-03-26 18:14:14
629,627.0,AFC Wimbledon,English League Two,0.24,2.14,7.93,2023-03-26,2023-03-26 18:14:14
630,631.0,Tianjin Quanujian,Chinese Super League,0.37,2.51,7.83,2023-03-26,2023-03-26 18:14:14
631,621.0,Doncaster Rovers,English League Two,0.26,2.24,7.78,2023-03-26,2023-03-26 18:14:14
632,632.0,Shenzhen FC,Chinese Super League,0.4,2.6,7.73,2023-03-26,2023-03-26 18:14:14
633,633.0,Chongqing Lifan,Chinese Super League,0.3,2.35,7.66,2023-03-26,2023-03-26 18:14:14
634,629.0,Loudoun United FC,United Soccer League,0.35,2.47,7.63,2023-03-26,2023-03-26 18:14:14
635,615.0,Accrington Stanley,English League One,0.26,2.26,7.52,2023-03-26,2023-03-26 18:14:14
636,638.0,Crawley Town,English League Two,0.33,2.45,7.48,2023-03-26,2023-03-26 18:14:14
637,637.0,Harrogate Town,English League Two,0.29,2.4,7.26,2023-03-26,2023-03-26 18:14:14
638,636.0,Crewe Alexandra,English League Two,0.2,2.18,7.02,2023-03-26,2023-03-26 18:14:14
639,640.0,Hartlepool,English League Two,0.32,2.65,6.19,2023-03-26,2023-03-26 18:14:14
640,639.0,Rochdale,English League Two,0.2,2.43,5.67,2023-03-26,2023-03-26 18:14:14
641,641.0,Guizhou Renhe,Chinese Super League,0.2,2.61,4.86,2023-03-26,2023-03-26 18:14:14
